"ranking","name","%break_points_saved","points_won","total_points","Matches_played.x","%games_won(receive)","games_won_receiving","total_games_receiving","Matches_played.y","%games_won(serve)","games_won_serving","total_games_serving","Matches_played.x.x","Aces_number","Matches_played.y.y","1st_serve_win_%","Points_won","Total_points","Matches_played","Index","Titles","Wins","Losses"
1,"Sinner","73.67%","235","319","76","28.30%","270","954","76","91.40%","893","977","76","563","76","563","76","","",NA,NA,NA,NA
2,"Zverev","69.73%","258","370","90","22.26%","254","1,141","90","90.18%","1,029","1,141","90","797","90","797","90","","","0.706","0",12,5
3,"Alcaraz","61.85%","167","270","64","30.79%","218","708","64","85.47%","606","709","64","265","64","265","64","","","0.833","1",15,3
4,"Fritz","68.97%","240","348","74","20.00%","180","900","74","88.32%","817","925","74","725","74","725","74","","","0.667","0",10,5
5,"Djokovic","64.84%","142","219","45","28.95%","152","525","45","85.71%","462","539","45","275","45","275","45","","","0.636","0",7,4
6,"Ruud","62.97%","233","370","73","23.79%","201","845","73","83.90%","714","851","73","400","73","400","73","","","0.769","0",10,3
7,"Draper","60.68%","179","295","59","24.83%","183","737","59","84.15%","616","732","59","486","59","486","59","","","0.867","1",13,2
8,"Medvedev","61.03%","260","426","67","27.49%","229","833","67","79.78%","655","821","67","426","67","426","67","","","0.667","0",12,6
9,"Rublev","68.83%","265","385","69","20.42%","184","901","69","86.73%","784","904","69","578","69","578","69","","","0.6","1",9,6
10,"Tsitsipas","68.37%","227","332","66","21.49%","162","754","66","86.31%","662","767","66","421","66","421","66","","","0.667","1",10,5
11,"Miñaur","59.68%","225","377","66","31.57%","257","814","66","81.05%","650","802","66","295","66","295","66","","","0.75","0",15,5
12,"Rune","65.80%","252","383","68","18.93%","162","856","68","84.75%","728","859","68","456","68","456","68","","","0.611","0",11,7
13,"Paul","66.34%","268","404","64","28.55%","211","739","64","81.94%","617","753","64","341","64","341","64","","","0.75","0",12,4
14,"Shelton","72.50%","261","360","67","15.18%","136","896","67","89.06%","806","905","67","619","67","619","67","","","0.667","0",10,5
15,"Dimitrov","67.54%","206","305","64","21.58%","164","760","64","87.23%","676","775","64","487","64","487","64","","","0.5","0",5,5
16,"Musetti","57.85%","221","382","67","21.55%","170","789","67","79.75%","634","795","67","227","67","227","67","","","0.625","0",5,3
17,"Tiafoe","64.37%","224","348","59","18.08%","141","780","59","84.06%","654","778","59","482","59","482","59","","","0.5","0",5,5
18,"Fils","63.51%","235","370","63","20.29%","152","749","63","82.05%","617","752","63","391","63","391","63","","","0.615","0",8,5
19,"Auger-Aliassime","63.95%","165","258","54","20.21%","114","564","54","83.74%","479","572","54","377","54","377","54","","","0.727","2",16,6
20,"Humbert","65.56%","198","302","61","21.76%","156","717","61","85.69%","623","727","61","386","61","386","61","","","0.733","1",11,4
21,"Machac","59.63%","195","327","54","24.33%","154","633","54","79.18%","502","634","54","256","54","256","54","","","0.706","1",12,5
22,"Hurkacz","70.78%","218","308","58","16.39%","127","775","58","88.71%","707","797","58","736","58","736","58","","","0.5","0",7,7
23,"Khachanov","61.80%","199","322","59","21.70%","156","719","59","82.87%","595","718","59","418","59","418","59","","","0.4","0",4,6
24,"Cerundolo","60.20%","245","407","60","24.07%","169","702","60","77.09%","545","707","60","195","60","195","60","","","0.684","0",13,6
25,"Korda","61.39%","159","259","49","22.20%","125","563","49","82.27%","464","564","49","358","49","358","49","","",NA,NA,NA,NA
26,"Popyrin","67.26%","189","281","47","17.89%","107","598","47","84.38%","497","589","47","447","47","447","47","","","0.25","0",2,6
27,"Lehecka","68.53%","172","251","46","17.92%","93","519","46","84.66%","436","515","46","356","46","356","46","","","0.722","1",13,5
28,"Shapovalov","66.26%","161","243","45","19.32%","108","559","45","85.33%","477","559","45","346","45","346","45","","","0.688","1",11,5
29,"Perricard",NA,NA,NA,NA,NA,NA,NA,NA,NA,NA,NA,NA,"532","28","532","28","","","0.6","0",6,4
30,"Berrettini",NA,NA,NA,NA,NA,NA,NA,NA,NA,NA,NA,NA,"366","39","366","39","","","0.5","0",6,6
31,"Tabilo","65.48%","203","310","54","19.44%","124","638","54","83.49%","541","648","54","380","54","380","54","","","0.125","0",1,7
32,"Nakashima","71.14%","175","246","47","16.26%","93","572","47","87.74%","508","579","47","403","47","403","47","","","0.533","0",8,7
33,"Michelsen","60.93%","248","407","64","22.51%","172","764","64","79.54%","618","777","64","303","64","303","64","","","0.611","0",11,7
34,"Griekspoor","63.26%","198","313","55","15.34%","108","704","55","83.78%","594","709","55","479","55","479","55","","","0.647","0",11,6
35,"Arnaldi","60.41%","235","389","52","23.83%","153","642","52","76.27%","495","649","52","366","52","366","52","","","0.538","0",7,6
36,"Báez","61.11%","264","432","56","27.36%","177","647","56","73.67%","470","638","56","116","56","116","56","","","0.643","1",9,5
37,"Thompson","65.90%","259","393","58","19.55%","138","706","58","80.80%","564","698","58","386","58","386","58","","",NA,NA,NA,NA
38,"Sonego","63.02%","167","265","49","13.59%","84","618","49","83.91%","511","609","49","317","49","317","49","","","0.5","0",7,7
39,"Fokina",NA,NA,NA,NA,NA,NA,NA,NA,NA,NA,NA,NA,"192","40","192","40","","","0.65","0",13,7
40,"Martínez",NA,NA,NA,NA,NA,NA,NA,NA,NA,NA,NA,NA,"93","40","93","40","","","0.429","0",6,8
41,"Muller",NA,NA,NA,NA,NA,NA,NA,NA,NA,NA,NA,NA,"130","37","130","37","","","0.643","1",9,5
42,"Borges","58.81%","197","335","48","21.28%","126","592","48","76.45%","448","586","48","278","48","278","48","","","0.579","0",11,8
43,"Cobolli","65.18%","292","448","60","21.27%","167","785","60","80.08%","627","783","60","362","60","362","60","","","0.222","0",2,7
44,"Etcheverry","64.44%","232","360","57","21.88%","156","713","57","81.87%","578","706","57","373","57","373","57","","","0.467","0",7,8
45,"Giron","60.20%","180","299","53","19.87%","127","639","53","81.23%","515","634","53","263","53","263","53","","","0.667","0",10,5
46,"Monfils","61.37%","170","277","46","19.90%","117","588","46","82.02%","488","595","46","407","46","407","46","","","0.733","1",11,4
47,"Jarry",NA,NA,NA,NA,NA,NA,NA,NA,NA,NA,NA,NA,"357","41","357","41","","","0.375","0",3,5
48,"Kecmanovic","55.42%","179","323","53","19.83%","136","686","53","78.85%","537","681","53","243","53","243","53","","","0.611","1",11,7
49,"Struff","66.45%","200","301","47","18.55%","118","636","47","84.19%","538","639","47","461","47","461","47","","","0.3","0",3,7
50,"Agut","62.20%","181","291","44","21.01%","108","514","44","78.85%","410","520","44","106","44","106","44","","",NA,NA,NA,NA
51,"Bergs",NA,NA,NA,NA,NA,NA,NA,NA,NA,NA,NA,NA,"193","30","193","30","","","0.65","0",13,7
52,"Zhang","55.22%","127","230","52","16.30%","97","595","52","82.60%","489","592","52","373","52","373","52","","","0.308","0",4,9
53,"Baena","59.73%","218","365","51","21.23%","128","603","51","75.66%","457","604","51","145","51","145","51","","","0.385","0",5,8
54,"Mensik",NA,NA,NA,NA,NA,NA,NA,NA,NA,NA,NA,NA,"428","42","428","42","","","0.571","0",8,6
55,"Goffin",NA,NA,NA,NA,NA,NA,NA,NA,NA,NA,NA,NA,"164","33","164","33","","","0.3","0",3,7
56,"Munar",NA,NA,NA,NA,NA,NA,NA,NA,NA,NA,NA,NA,"125","37","125","37","","","0.583","0",7,5
57,"Halys",NA,NA,NA,NA,NA,NA,NA,NA,NA,NA,NA,NA,"249","19","249","19","","","0.455","0",5,6
58,"Shang","63.32%","202","319","46","19.45%","114","586","46","79.93%","466","583","46","210","46","210","46","","",NA,NA,NA,NA
59,"Marozsan","56.08%","189","337","50","21.39%","126","589","50","75.21%","449","597","50","228","50","228","50","","","0.533","0",8,7
60,"Fonseca",NA,NA,NA,NA,NA,NA,NA,NA,NA,NA,NA,NA,"68","15","68","15","","","0.636","1",7,4
61,"Darderi","61.54%","208","338","50","21.44%","125","583","50","77.97%","460","590","50","279","50","279","50","","","0.125","0",1,7
62,"Navone",NA,NA,NA,NA,NA,NA,NA,NA,NA,NA,NA,NA,"101","42","101","42","","","0.467","0",7,8
63,"Bonzi",NA,NA,NA,NA,NA,NA,NA,NA,NA,NA,NA,NA,"58","11","58","11","","","0.4","0",4,6
64,"Nishikori",NA,NA,NA,NA,NA,NA,NA,NA,NA,NA,NA,NA,"31","16","31","16","","","0.538","0",7,6
65,"Carabelli",NA,NA,NA,NA,NA,NA,NA,NA,NA,NA,NA,NA,"18","8","18","8","","","0.6","0",6,4
66,"Tien",NA,NA,NA,NA,NA,NA,NA,NA,NA,NA,NA,NA,"47","9","47","9","","","0.545","0",6,5
67,"Comesana",NA,NA,NA,NA,NA,NA,NA,NA,NA,NA,NA,NA,"82","11","82","11","","","0.444","0",4,5
68,"Nishioka",NA,NA,NA,NA,NA,NA,NA,NA,NA,NA,NA,NA,"80","33","80","33","","","0.636","0",7,4
69,"Yunchaokete",NA,NA,NA,NA,NA,NA,NA,NA,NA,NA,NA,NA,"96","13","96","13","","","0.308","0",4,9
70,"Dzumhur",NA,NA,NA,NA,NA,NA,NA,NA,NA,NA,NA,NA,NA,NA,NA,NA,NA,NA,"0.545","0",6,5
71,"Safiullin",NA,NA,NA,NA,NA,NA,NA,NA,NA,NA,NA,NA,"292","43","292","43","","",NA,NA,NA,NA
72,"Bellucci",NA,NA,NA,NA,NA,NA,NA,NA,NA,NA,NA,NA,"147","14","147","14","","",NA,NA,NA,NA
73,"Medjedovic",NA,NA,NA,NA,NA,NA,NA,NA,NA,NA,NA,NA,"169","17","169","17","","","0.75","0",6,2
74,"Rinderknech",NA,NA,NA,NA,NA,NA,NA,NA,NA,NA,NA,NA,"428","42","428","42","","","0.2","0",2,8
75,"Djere",NA,NA,NA,NA,NA,NA,NA,NA,NA,NA,NA,NA,"171","26","171","26","","","0.889","1",8,1
76,"Moutet",NA,NA,NA,NA,NA,NA,NA,NA,NA,NA,NA,NA,"51","30","51","30","","","0.444","0",4,5
77,"Vukic","62.10%","195","314","47","16.07%","94","585","47","79.45%","460","579","47","423","47","423","47","","","0.364","0",4,7
78,"O'Connell",NA,NA,NA,NA,NA,NA,NA,NA,NA,NA,NA,NA,"293","39","293","39","","","0.4","0",4,6
79,"Kovacevic",NA,NA,NA,NA,NA,NA,NA,NA,NA,NA,NA,NA,"328","32","328","32","","",NA,NA,NA,NA
80,"Bublik","62.10%","213","343","49","19.52%","115","589","49","78.19%","466","596","49","559","49","559","49","","","0.2","0",2,8
81,"Norrie",NA,NA,NA,NA,NA,NA,NA,NA,NA,NA,NA,NA,"209","39","209","39","","","0.5","0",7,7
82,"Altmaier",NA,NA,NA,NA,NA,NA,NA,NA,NA,NA,NA,NA,"201","34","201","34","","","0.5","0",6,6
83,"Fearnley",NA,NA,NA,NA,NA,NA,NA,NA,NA,NA,NA,NA,"28","5","28","5","","",NA,NA,NA,NA
84,"Nardi",NA,NA,NA,NA,NA,NA,NA,NA,NA,NA,NA,NA,"43","16","43","16","","","0.4","0",4,6
85,"Zandschulp",NA,NA,NA,NA,NA,NA,NA,NA,NA,NA,NA,NA,"169","36","169","36","","","0.333","0",3,6
86,"Hijikata",NA,NA,NA,NA,NA,NA,NA,NA,NA,NA,NA,NA,"155","37","155","37","","","0.364","0",4,7
87,"Diallo",NA,NA,NA,NA,NA,NA,NA,NA,NA,NA,NA,NA,"125","13","125","13","","","0.4","0",4,6
88,"Gaston",NA,NA,NA,NA,NA,NA,NA,NA,NA,NA,NA,NA,"83","29","83","29","","",NA,NA,NA,NA
89,"Walton",NA,NA,NA,NA,NA,NA,NA,NA,NA,NA,NA,NA,"75","14","75","14","","",NA,NA,NA,NA
90,"Fucsovics",NA,NA,NA,NA,NA,NA,NA,NA,NA,NA,NA,NA,"142","29","142","29","","",NA,NA,NA,NA
91,"Collignon",NA,NA,NA,NA,NA,NA,NA,NA,NA,NA,NA,NA,NA,NA,NA,NA,NA,NA,NA,NA,NA,NA
92,"Faria",NA,NA,NA,NA,NA,NA,NA,NA,NA,NA,NA,NA,NA,NA,NA,NA,NA,NA,"0.556","0",5,4
93,"Kokkinakis",NA,NA,NA,NA,NA,NA,NA,NA,NA,NA,NA,NA,"285","26","285","26","","",NA,NA,NA,NA
94,"Passaro",NA,NA,NA,NA,NA,NA,NA,NA,NA,NA,NA,NA,"32","5","32","5","","",NA,NA,NA,NA
95,"Duckworth",NA,NA,NA,NA,NA,NA,NA,NA,NA,NA,NA,NA,"183","24","183","24","","",NA,NA,NA,NA
96,"Wild","63.64%","210","330","45","18.34%","97","529","45","77.61%","416","536","45","242","45","242","45","","","0.333","0",3,6
97,"Fognini",NA,NA,NA,NA,NA,NA,NA,NA,NA,NA,NA,NA,"115","26","115","26","","",NA,NA,NA,NA
98,"Shevchenko","56.52%","195","345","48","19.93%","115","577","48","73.96%","426","576","48","258","48","258","48","","","0.333","0",4,8
99,"Monteiro",NA,NA,NA,NA,NA,NA,NA,NA,NA,NA,NA,NA,"107","21","107","21","","",NA,NA,NA,NA
100,"Basavareddy",NA,NA,NA,NA,NA,NA,NA,NA,NA,NA,NA,NA,"20","3","20","3","","","0.375","0",3,5
101,"McDonald",NA,NA,NA,NA,NA,NA,NA,NA,NA,NA,NA,NA,"65","17","65","17","","",NA,NA,NA,NA
102,"Kotov",NA,NA,NA,NA,NA,NA,NA,NA,NA,NA,NA,NA,"159","41","159","41","","",NA,NA,NA,NA
103,"Dellien",NA,NA,NA,NA,NA,NA,NA,NA,NA,NA,NA,NA,NA,NA,NA,NA,NA,NA,NA,NA,NA,NA
104,"Eubanks",NA,NA,NA,NA,NA,NA,NA,NA,NA,NA,NA,NA,"278","29","278","29","","",NA,NA,NA,NA
105,"Jong",NA,NA,NA,NA,NA,NA,NA,NA,NA,NA,NA,NA,"49","7","49","7","","",NA,NA,NA,NA
106,"Pouille",NA,NA,NA,NA,NA,NA,NA,NA,NA,NA,NA,NA,"33","6","33","6","","",NA,NA,NA,NA
107,"Harris",NA,NA,NA,NA,NA,NA,NA,NA,NA,NA,NA,NA,"80","3","80","3","","",NA,NA,NA,NA
107,"Harris",NA,NA,NA,NA,NA,NA,NA,NA,NA,NA,NA,NA,"76","12","76","12","","",NA,NA,NA,NA
108,"Lajovic",NA,NA,NA,NA,NA,NA,NA,NA,NA,NA,NA,NA,"83","34","83","34","","","0.375","0",3,5
109,"Busta",NA,NA,NA,NA,NA,NA,NA,NA,NA,NA,NA,NA,"53","15","53","15","","",NA,NA,NA,NA
110,"Galán",NA,NA,NA,NA,NA,NA,NA,NA,NA,NA,NA,NA,"133","23","133","23","","",NA,NA,NA,NA
111,"Boyer",NA,NA,NA,NA,NA,NA,NA,NA,NA,NA,NA,NA,NA,NA,NA,NA,NA,NA,NA,NA,NA,NA
112,"Coric",NA,NA,NA,NA,NA,NA,NA,NA,NA,NA,NA,NA,"208","31","208","31","","",NA,NA,NA,NA
113,"Hanfmann",NA,NA,NA,NA,NA,NA,NA,NA,NA,NA,NA,NA,"188","39","188","39","","",NA,NA,NA,NA
114,"Opelka",NA,NA,NA,NA,NA,NA,NA,NA,NA,NA,NA,NA,"222","13","222","13","","","0.615","0",8,5
115,"Tseng",NA,NA,NA,NA,NA,NA,NA,NA,NA,NA,NA,NA,NA,NA,NA,NA,NA,NA,NA,NA,NA,NA
116,"Holt",NA,NA,NA,NA,NA,NA,NA,NA,NA,NA,NA,NA,NA,NA,NA,NA,NA,NA,NA,NA,NA,NA
117,"Tirante",NA,NA,NA,NA,NA,NA,NA,NA,NA,NA,NA,NA,"54","12","54","12","","",NA,NA,NA,NA
118,"Cazaux",NA,NA,NA,NA,NA,NA,NA,NA,NA,NA,NA,NA,"230","23","230","23","","",NA,NA,NA,NA
119,"Daniel",NA,NA,NA,NA,NA,NA,NA,NA,NA,NA,NA,NA,"139","34","139","34","","",NA,NA,NA,NA
120,"Majchrzak",NA,NA,NA,NA,NA,NA,NA,NA,NA,NA,NA,NA,NA,NA,NA,NA,NA,NA,NA,NA,NA,NA
121,"Royer",NA,NA,NA,NA,NA,NA,NA,NA,NA,NA,NA,NA,NA,NA,NA,NA,NA,NA,NA,NA,NA,NA
122,"Kopriva",NA,NA,NA,NA,NA,NA,NA,NA,NA,NA,NA,NA,"30","7","30","7","","",NA,NA,NA,NA
123,"Alboran",NA,NA,NA,NA,NA,NA,NA,NA,NA,NA,NA,NA,"82","15","82","15","","",NA,NA,NA,NA
124,"Coria",NA,NA,NA,NA,NA,NA,NA,NA,NA,NA,NA,NA,"63","23","63","23","","",NA,NA,NA,NA
125,"Ritschard",NA,NA,NA,NA,NA,NA,NA,NA,NA,NA,NA,NA,NA,NA,NA,NA,NA,NA,NA,NA,NA,NA
126,"Cerúndolo",NA,NA,NA,NA,NA,NA,NA,NA,NA,NA,NA,NA,NA,NA,NA,NA,NA,NA,NA,NA,NA,NA
127,"Kovalik",NA,NA,NA,NA,NA,NA,NA,NA,NA,NA,NA,NA,"18","4","18","4","","",NA,NA,NA,NA
128,"Purcell",NA,NA,NA,NA,NA,NA,NA,NA,NA,NA,NA,NA,"258","34","258","34","","",NA,NA,NA,NA
129,"Schoolkate",NA,NA,NA,NA,NA,NA,NA,NA,NA,NA,NA,NA,"55","4","55","4","","",NA,NA,NA,NA
130,"Kym",NA,NA,NA,NA,NA,NA,NA,NA,NA,NA,NA,NA,NA,NA,NA,NA,NA,NA,NA,NA,NA,NA
131,"Ofner",NA,NA,NA,NA,NA,NA,NA,NA,NA,NA,NA,NA,"344","40","344","40","","",NA,NA,NA,NA
132,"Mayot",NA,NA,NA,NA,NA,NA,NA,NA,NA,NA,NA,NA,"55","13","55","13","","",NA,NA,NA,NA
133,"Virtanen",NA,NA,NA,NA,NA,NA,NA,NA,NA,NA,NA,NA,"86","7","86","7","","",NA,NA,NA,NA
134,"Spizzirri",NA,NA,NA,NA,NA,NA,NA,NA,NA,NA,NA,NA,NA,NA,NA,NA,NA,NA,NA,NA,NA,NA
135,"Quinn",NA,NA,NA,NA,NA,NA,NA,NA,NA,NA,NA,NA,"18","4","18","4","","",NA,NA,NA,NA
136,"Garín",NA,NA,NA,NA,NA,NA,NA,NA,NA,NA,NA,NA,"70","17","70","17","","",NA,NA,NA,NA
137,"Burruchaga",NA,NA,NA,NA,NA,NA,NA,NA,NA,NA,NA,NA,NA,NA,NA,NA,NA,NA,NA,NA,NA,NA
138,"Gomez",NA,NA,NA,NA,NA,NA,NA,NA,NA,NA,NA,NA,"22","3","22","3","","",NA,NA,NA,NA
139,"Nagal",NA,NA,NA,NA,NA,NA,NA,NA,NA,NA,NA,NA,"35","21","35","21","","",NA,NA,NA,NA
140,"Acosta",NA,NA,NA,NA,NA,NA,NA,NA,NA,NA,NA,NA,"88","33","88","33","","","0.375","0",3,5
141,"Krueger",NA,NA,NA,NA,NA,NA,NA,NA,NA,NA,NA,NA,"50","6","50","6","","",NA,NA,NA,NA
142,"Harris",NA,NA,NA,NA,NA,NA,NA,NA,NA,NA,NA,NA,"80","3","80","3","","",NA,NA,NA,NA
142,"Harris",NA,NA,NA,NA,NA,NA,NA,NA,NA,NA,NA,NA,"76","12","76","12","","",NA,NA,NA,NA
143,"Cilic",NA,NA,NA,NA,NA,NA,NA,NA,NA,NA,NA,NA,"170","14","170","14","","",NA,NA,NA,NA
144,"Basilashvili",NA,NA,NA,NA,NA,NA,NA,NA,NA,NA,NA,NA,NA,NA,NA,NA,NA,NA,NA,NA,NA,NA
145,"Mannarino","58.29%","204","350","45","17.35%","101","582","45","74.48%","426","572","45","205","45","205","45","","",NA,NA,NA,NA
146,"Landaluce",NA,NA,NA,NA,NA,NA,NA,NA,NA,NA,NA,NA,NA,NA,NA,NA,NA,NA,NA,NA,NA,NA
147,"Koepfer",NA,NA,NA,NA,NA,NA,NA,NA,NA,NA,NA,NA,"132","34","132","34","","",NA,NA,NA,NA
148,"Gasquet",NA,NA,NA,NA,NA,NA,NA,NA,NA,NA,NA,NA,"76","18","76","18","","",NA,NA,NA,NA
149,"Vera",NA,NA,NA,NA,NA,NA,NA,NA,NA,NA,NA,NA,"19","6","19","6","","",NA,NA,NA,NA
150,"Herbert",NA,NA,NA,NA,NA,NA,NA,NA,NA,NA,NA,NA,"50","4","50","4","","",NA,NA,NA,NA
151,"Jacquet",NA,NA,NA,NA,NA,NA,NA,NA,NA,NA,NA,NA,NA,NA,NA,NA,NA,NA,NA,NA,NA,NA
152,"Heide",NA,NA,NA,NA,NA,NA,NA,NA,NA,NA,NA,NA,"29","6","29","6","","",NA,NA,NA,NA
153,"Canas",NA,NA,NA,NA,NA,NA,NA,NA,NA,NA,NA,NA,NA,NA,NA,NA,NA,NA,NA,NA,NA,NA
154,"Uchiyama",NA,NA,NA,NA,NA,NA,NA,NA,NA,NA,NA,NA,"19","3","19","3","","",NA,NA,NA,NA
155,"Mochizuki",NA,NA,NA,NA,NA,NA,NA,NA,NA,NA,NA,NA,"21","7","21","7","","",NA,NA,NA,NA
156,"Moller",NA,NA,NA,NA,NA,NA,NA,NA,NA,NA,NA,NA,NA,NA,NA,NA,NA,NA,NA,NA,NA,NA
157,"Barrere",NA,NA,NA,NA,NA,NA,NA,NA,NA,NA,NA,NA,"44","12","44","12","","",NA,NA,NA,NA
158,"Blanchet",NA,NA,NA,NA,NA,NA,NA,NA,NA,NA,NA,NA,"21","3","21","3","","",NA,NA,NA,NA
159,"Galarneau",NA,NA,NA,NA,NA,NA,NA,NA,NA,NA,NA,NA,NA,NA,NA,NA,NA,NA,NA,NA,NA,NA
160,"Kukushkin",NA,NA,NA,NA,NA,NA,NA,NA,NA,NA,NA,NA,"14","5","14","5","","",NA,NA,NA,NA
161,"Rocha",NA,NA,NA,NA,NA,NA,NA,NA,NA,NA,NA,NA,NA,NA,NA,NA,NA,NA,NA,NA,NA,NA
162,"Ficovich",NA,NA,NA,NA,NA,NA,NA,NA,NA,NA,NA,NA,NA,NA,NA,NA,NA,NA,NA,NA,NA,NA
163,"Blockx",NA,NA,NA,NA,NA,NA,NA,NA,NA,NA,NA,NA,NA,NA,NA,NA,NA,NA,NA,NA,NA,NA
164,"Trungelliti",NA,NA,NA,NA,NA,NA,NA,NA,NA,NA,NA,NA,"15","8","15","8","","",NA,NA,NA,NA
165,"Svrcina",NA,NA,NA,NA,NA,NA,NA,NA,NA,NA,NA,NA,NA,NA,NA,NA,NA,NA,NA,NA,NA,NA
166,"Klein",NA,NA,NA,NA,NA,NA,NA,NA,NA,NA,NA,NA,"132","17","132","17","","",NA,NA,NA,NA
167,"Ajdukovic",NA,NA,NA,NA,NA,NA,NA,NA,NA,NA,NA,NA,"28","8","28","8","","",NA,NA,NA,NA
168,"Wawrinka",NA,NA,NA,NA,NA,NA,NA,NA,NA,NA,NA,NA,"187","27","187","27","","",NA,NA,NA,NA
169,"Hemery",NA,NA,NA,NA,NA,NA,NA,NA,NA,NA,NA,NA,NA,NA,NA,NA,NA,NA,NA,NA,NA,NA
170,"Taberner",NA,NA,NA,NA,NA,NA,NA,NA,NA,NA,NA,NA,NA,NA,NA,NA,NA,NA,NA,NA,NA,NA
171,"Tu",NA,NA,NA,NA,NA,NA,NA,NA,NA,NA,NA,NA,NA,NA,NA,NA,NA,NA,NA,NA,NA,NA
172,"Huesler",NA,NA,NA,NA,NA,NA,NA,NA,NA,NA,NA,NA,"64","8","64","8","","",NA,NA,NA,NA
173,"Kachmazov",NA,NA,NA,NA,NA,NA,NA,NA,NA,NA,NA,NA,"25","4","25","4","","",NA,NA,NA,NA
174,"Assche",NA,NA,NA,NA,NA,NA,NA,NA,NA,NA,NA,NA,"129","28","129","28","","",NA,NA,NA,NA
175,"Skatov",NA,NA,NA,NA,NA,NA,NA,NA,NA,NA,NA,NA,"16","5","16","5","","",NA,NA,NA,NA
176,"Alves",NA,NA,NA,NA,NA,NA,NA,NA,NA,NA,NA,NA,"29","5","29","5","","",NA,NA,NA,NA
177,"Habib",NA,NA,NA,NA,NA,NA,NA,NA,NA,NA,NA,NA,NA,NA,NA,NA,NA,NA,NA,NA,NA,NA
178,"Choinski",NA,NA,NA,NA,NA,NA,NA,NA,NA,NA,NA,NA,"19","4","19","4","","",NA,NA,NA,NA
179,"Draxl",NA,NA,NA,NA,NA,NA,NA,NA,NA,NA,NA,NA,NA,NA,NA,NA,NA,NA,NA,NA,NA,NA
180,"Atmane",NA,NA,NA,NA,NA,NA,NA,NA,NA,NA,NA,NA,"80","10","80","10","","",NA,NA,NA,NA
181,"Trotter",NA,NA,NA,NA,NA,NA,NA,NA,NA,NA,NA,NA,NA,NA,NA,NA,NA,NA,NA,NA,NA,NA
182,"Wong",NA,NA,NA,NA,NA,NA,NA,NA,NA,NA,NA,NA,"53","7","53","7","","",NA,NA,NA,NA
183,"Evans",NA,NA,NA,NA,NA,NA,NA,NA,NA,NA,NA,NA,"112","27","112","27","","",NA,NA,NA,NA
184,"Mccabe",NA,NA,NA,NA,NA,NA,NA,NA,NA,NA,NA,NA,"25","4","25","4","","",NA,NA,NA,NA
185,"Gigante",NA,NA,NA,NA,NA,NA,NA,NA,NA,NA,NA,NA,NA,NA,NA,NA,NA,NA,NA,NA,NA,NA
186,"Mena",NA,NA,NA,NA,NA,NA,NA,NA,NA,NA,NA,NA,NA,NA,NA,NA,NA,NA,NA,NA,NA,NA
187,"Vallejo",NA,NA,NA,NA,NA,NA,NA,NA,NA,NA,NA,NA,NA,NA,NA,NA,NA,NA,NA,NA,NA,NA
188,"Shimabukuro",NA,NA,NA,NA,NA,NA,NA,NA,NA,NA,NA,NA,NA,NA,NA,NA,NA,NA,NA,NA,NA,NA
189,"Albot",NA,NA,NA,NA,NA,NA,NA,NA,NA,NA,NA,NA,"32","10","32","10","","",NA,NA,NA,NA
190,"Mejia",NA,NA,NA,NA,NA,NA,NA,NA,NA,NA,NA,NA,NA,NA,NA,NA,NA,NA,NA,NA,NA,NA
191,"Lestienne",NA,NA,NA,NA,NA,NA,NA,NA,NA,NA,NA,NA,"56","15","56","15","","",NA,NA,NA,NA
192,"Bolt",NA,NA,NA,NA,NA,NA,NA,NA,NA,NA,NA,NA,"40","6","40","6","","",NA,NA,NA,NA
193,"Bouquier",NA,NA,NA,NA,NA,NA,NA,NA,NA,NA,NA,NA,NA,NA,NA,NA,NA,NA,NA,NA,NA,NA
194,"Gaubas",NA,NA,NA,NA,NA,NA,NA,NA,NA,NA,NA,NA,NA,NA,NA,NA,NA,NA,NA,NA,NA,NA
195,"Karatsev",NA,NA,NA,NA,NA,NA,NA,NA,NA,NA,NA,NA,"53","13","53","13","","",NA,NA,NA,NA
196,"Shimizu",NA,NA,NA,NA,NA,NA,NA,NA,NA,NA,NA,NA,NA,NA,NA,NA,NA,NA,NA,NA,NA,NA
197,"Rodionov",NA,NA,NA,NA,NA,NA,NA,NA,NA,NA,NA,NA,NA,NA,NA,NA,NA,NA,NA,NA,NA,NA
198,"Collarini",NA,NA,NA,NA,NA,NA,NA,NA,NA,NA,NA,NA,NA,NA,NA,NA,NA,NA,NA,NA,NA,NA
199,"Brouwer",NA,NA,NA,NA,NA,NA,NA,NA,NA,NA,NA,NA,"26","5","26","5","","",NA,NA,NA,NA
200,"Holmgren",NA,NA,NA,NA,NA,NA,NA,NA,NA,NA,NA,NA,NA,NA,NA,NA,NA,NA,NA,NA,NA,NA
201,"Butvilas",NA,NA,NA,NA,NA,NA,NA,NA,NA,NA,NA,NA,NA,NA,NA,NA,NA,NA,NA,NA,NA,NA
202,"Smith",NA,NA,NA,NA,NA,NA,NA,NA,NA,NA,NA,NA,NA,NA,NA,NA,NA,NA,NA,NA,NA,NA
203,"Svajda",NA,NA,NA,NA,NA,NA,NA,NA,NA,NA,NA,NA,"43","13","43","13","","",NA,NA,NA,NA
204,"Grenier",NA,NA,NA,NA,NA,NA,NA,NA,NA,NA,NA,NA,"80","8","80","8","","",NA,NA,NA,NA
205,"Lajal",NA,NA,NA,NA,NA,NA,NA,NA,NA,NA,NA,NA,NA,NA,NA,NA,NA,NA,NA,NA,NA,NA
206,"Dougaz",NA,NA,NA,NA,NA,NA,NA,NA,NA,NA,NA,NA,NA,NA,NA,NA,NA,NA,NA,NA,NA,NA
207,"Hassan",NA,NA,NA,NA,NA,NA,NA,NA,NA,NA,NA,NA,NA,NA,NA,NA,NA,NA,NA,NA,NA,NA
208,"Squire",NA,NA,NA,NA,NA,NA,NA,NA,NA,NA,NA,NA,"27","4","27","4","","",NA,NA,NA,NA
209,"Neumayer",NA,NA,NA,NA,NA,NA,NA,NA,NA,NA,NA,NA,NA,NA,NA,NA,NA,NA,NA,NA,NA,NA
210,"Marterer",NA,NA,NA,NA,NA,NA,NA,NA,NA,NA,NA,NA,"85","20","85","20","","",NA,NA,NA,NA
211,"Onclin",NA,NA,NA,NA,NA,NA,NA,NA,NA,NA,NA,NA,NA,NA,NA,NA,NA,NA,NA,NA,NA,NA
212,"Droguet",NA,NA,NA,NA,NA,NA,NA,NA,NA,NA,NA,NA,"22","2","22","2","","",NA,NA,NA,NA
213,"Escoffier",NA,NA,NA,NA,NA,NA,NA,NA,NA,NA,NA,NA,NA,NA,NA,NA,NA,NA,NA,NA,NA,NA
214,"Watanuki",NA,NA,NA,NA,NA,NA,NA,NA,NA,NA,NA,NA,"28","4","28","4","","",NA,NA,NA,NA
215,"Zhukayev",NA,NA,NA,NA,NA,NA,NA,NA,NA,NA,NA,NA,"40","4","40","4","","",NA,NA,NA,NA
216,"Buse",NA,NA,NA,NA,NA,NA,NA,NA,NA,NA,NA,NA,NA,NA,NA,NA,NA,NA,NA,NA,NA,NA
217,"Jubb",NA,NA,NA,NA,NA,NA,NA,NA,NA,NA,NA,NA,"23","5","23","5","","",NA,NA,NA,NA
218,"Ruusuvuori",NA,NA,NA,NA,NA,NA,NA,NA,NA,NA,NA,NA,"149","28","149","28","","",NA,NA,NA,NA
219,"Tomic",NA,NA,NA,NA,NA,NA,NA,NA,NA,NA,NA,NA,NA,NA,NA,NA,NA,NA,NA,NA,NA,NA
220,"Arnaboldi",NA,NA,NA,NA,NA,NA,NA,NA,NA,NA,NA,NA,NA,NA,NA,NA,NA,NA,NA,NA,NA,NA
221,"Sultanov",NA,NA,NA,NA,NA,NA,NA,NA,NA,NA,NA,NA,NA,NA,NA,NA,NA,NA,NA,NA,NA,NA
222,"Velasco",NA,NA,NA,NA,NA,NA,NA,NA,NA,NA,NA,NA,NA,NA,NA,NA,NA,NA,NA,NA,NA,NA
223,"Cassone",NA,NA,NA,NA,NA,NA,NA,NA,NA,NA,NA,NA,NA,NA,NA,NA,NA,NA,NA,NA,NA,NA
224,"Kasnikowski",NA,NA,NA,NA,NA,NA,NA,NA,NA,NA,NA,NA,NA,NA,NA,NA,NA,NA,NA,NA,NA,NA
225,"Viñolas",NA,NA,NA,NA,NA,NA,NA,NA,NA,NA,NA,NA,NA,NA,NA,NA,NA,NA,NA,NA,NA,NA
226,"Hsu",NA,NA,NA,NA,NA,NA,NA,NA,NA,NA,NA,NA,NA,NA,NA,NA,NA,NA,NA,NA,NA,NA
227,"Noguchi",NA,NA,NA,NA,NA,NA,NA,NA,NA,NA,NA,NA,NA,NA,NA,NA,NA,NA,NA,NA,NA,NA
228,"Rincon",NA,NA,NA,NA,NA,NA,NA,NA,NA,NA,NA,NA,NA,NA,NA,NA,NA,NA,NA,NA,NA,NA
229,"Mendez",NA,NA,NA,NA,NA,NA,NA,NA,NA,NA,NA,NA,NA,NA,NA,NA,NA,NA,NA,NA,NA,NA
230,"Wu",NA,NA,NA,NA,NA,NA,NA,NA,NA,NA,NA,NA,"19","5","19","5","","",NA,NA,NA,NA
231,"Andreev",NA,NA,NA,NA,NA,NA,NA,NA,NA,NA,NA,NA,NA,NA,NA,NA,NA,NA,NA,NA,NA,NA
232,"Hong",NA,NA,NA,NA,NA,NA,NA,NA,NA,NA,NA,NA,"19","4","19","4","","",NA,NA,NA,NA
233,"Debru",NA,NA,NA,NA,NA,NA,NA,NA,NA,NA,NA,NA,NA,NA,NA,NA,NA,NA,NA,NA,NA,NA
234,"Jasika",NA,NA,NA,NA,NA,NA,NA,NA,NA,NA,NA,NA,NA,NA,NA,NA,NA,NA,NA,NA,NA,NA
235,"Nava",NA,NA,NA,NA,NA,NA,NA,NA,NA,NA,NA,NA,"38","6","38","6","","",NA,NA,NA,NA
236,"Varillas",NA,NA,NA,NA,NA,NA,NA,NA,NA,NA,NA,NA,"29","9","29","9","","",NA,NA,NA,NA
237,"Gengel",NA,NA,NA,NA,NA,NA,NA,NA,NA,NA,NA,NA,NA,NA,NA,NA,NA,NA,NA,NA,NA,NA
238,"Vavassori",NA,NA,NA,NA,NA,NA,NA,NA,NA,NA,NA,NA,"25","9","25","9","","",NA,NA,NA,NA
239,"Couacaud",NA,NA,NA,NA,NA,NA,NA,NA,NA,NA,NA,NA,NA,NA,NA,NA,NA,NA,NA,NA,NA,NA
240,"Rehberg",NA,NA,NA,NA,NA,NA,NA,NA,NA,NA,NA,NA,NA,NA,NA,NA,NA,NA,NA,NA,NA,NA
241,"Jianu",NA,NA,NA,NA,NA,NA,NA,NA,NA,NA,NA,NA,NA,NA,NA,NA,NA,NA,NA,NA,NA,NA
242,"Bai",NA,NA,NA,NA,NA,NA,NA,NA,NA,NA,NA,NA,NA,NA,NA,NA,NA,NA,NA,NA,NA,NA
243,"Cosano",NA,NA,NA,NA,NA,NA,NA,NA,NA,NA,NA,NA,NA,NA,NA,NA,NA,NA,NA,NA,NA,NA
244,"Soto",NA,NA,NA,NA,NA,NA,NA,NA,NA,NA,NA,NA,NA,NA,NA,NA,NA,NA,NA,NA,NA,NA
245,"Popko",NA,NA,NA,NA,NA,NA,NA,NA,NA,NA,NA,NA,NA,NA,NA,NA,NA,NA,NA,NA,NA,NA
246,"Misolic",NA,NA,NA,NA,NA,NA,NA,NA,NA,NA,NA,NA,NA,NA,NA,NA,NA,NA,NA,NA,NA,NA
247,"Hardt",NA,NA,NA,NA,NA,NA,NA,NA,NA,NA,NA,NA,NA,NA,NA,NA,NA,NA,NA,NA,NA,NA
248,"Durasovic",NA,NA,NA,NA,NA,NA,NA,NA,NA,NA,NA,NA,NA,NA,NA,NA,NA,NA,NA,NA,NA,NA
249,"Wolf",NA,NA,NA,NA,NA,NA,NA,NA,NA,NA,NA,NA,"57","11","57","11","","",NA,NA,NA,NA
250,"Silva",NA,NA,NA,NA,NA,NA,NA,NA,NA,NA,NA,NA,NA,NA,NA,NA,NA,NA,NA,NA,NA,NA
251,"Napolitano",NA,NA,NA,NA,NA,NA,NA,NA,NA,NA,NA,NA,"34","5","34","5","","",NA,NA,NA,NA
252,"Batalla",NA,NA,NA,NA,NA,NA,NA,NA,NA,NA,NA,NA,NA,NA,NA,NA,NA,NA,NA,NA,NA,NA
253,"Wayenburg",NA,NA,NA,NA,NA,NA,NA,NA,NA,NA,NA,NA,NA,NA,NA,NA,NA,NA,NA,NA,NA,NA
254,"Andrade",NA,NA,NA,NA,NA,NA,NA,NA,NA,NA,NA,NA,NA,NA,NA,NA,NA,NA,NA,NA,NA,NA
255,"Tiffon",NA,NA,NA,NA,NA,NA,NA,NA,NA,NA,NA,NA,NA,NA,NA,NA,NA,NA,NA,NA,NA,NA
256,"Rodesch",NA,NA,NA,NA,NA,NA,NA,NA,NA,NA,NA,NA,NA,NA,NA,NA,NA,NA,NA,NA,NA,NA
257,"Meza",NA,NA,NA,NA,NA,NA,NA,NA,NA,NA,NA,NA,NA,NA,NA,NA,NA,NA,NA,NA,NA,NA
258,"Yevseyev",NA,NA,NA,NA,NA,NA,NA,NA,NA,NA,NA,NA,NA,NA,NA,NA,NA,NA,NA,NA,NA,NA
259,"Ouden",NA,NA,NA,NA,NA,NA,NA,NA,NA,NA,NA,NA,NA,NA,NA,NA,NA,NA,NA,NA,NA,NA
260,"Oliveira",NA,NA,NA,NA,NA,NA,NA,NA,NA,NA,NA,NA,NA,NA,NA,NA,NA,NA,NA,NA,NA,NA
261,"Ymer",NA,NA,NA,NA,NA,NA,NA,NA,NA,NA,NA,NA,"34","4","34","4","","",NA,NA,NA,NA
262,"Martineau",NA,NA,NA,NA,NA,NA,NA,NA,NA,NA,NA,NA,NA,NA,NA,NA,NA,NA,NA,NA,NA,NA
263,"Pellegrino",NA,NA,NA,NA,NA,NA,NA,NA,NA,NA,NA,NA,NA,NA,NA,NA,NA,NA,NA,NA,NA,NA
264,"Bueno",NA,NA,NA,NA,NA,NA,NA,NA,NA,NA,NA,NA,NA,NA,NA,NA,NA,NA,NA,NA,NA,NA
265,"Vacherot",NA,NA,NA,NA,NA,NA,NA,NA,NA,NA,NA,NA,NA,NA,NA,NA,NA,NA,NA,NA,NA,NA
266,"Piros",NA,NA,NA,NA,NA,NA,NA,NA,NA,NA,NA,NA,NA,NA,NA,NA,NA,NA,NA,NA,NA,NA
267,"Jover",NA,NA,NA,NA,NA,NA,NA,NA,NA,NA,NA,NA,NA,NA,NA,NA,NA,NA,NA,NA,NA,NA
268,"Chidekh",NA,NA,NA,NA,NA,NA,NA,NA,NA,NA,NA,NA,NA,NA,NA,NA,NA,NA,NA,NA,NA,NA
269,"Giustino",NA,NA,NA,NA,NA,NA,NA,NA,NA,NA,NA,NA,NA,NA,NA,NA,NA,NA,NA,NA,NA,NA
270,"Shelbayh",NA,NA,NA,NA,NA,NA,NA,NA,NA,NA,NA,NA,NA,NA,NA,NA,NA,NA,NA,NA,NA,NA
271,"Bertrand",NA,NA,NA,NA,NA,NA,NA,NA,NA,NA,NA,NA,NA,NA,NA,NA,NA,NA,NA,NA,NA,NA
272,"Stricker",NA,NA,NA,NA,NA,NA,NA,NA,NA,NA,NA,NA,"88","10","88","10","","",NA,NA,NA,NA
273,"Sharipov",NA,NA,NA,NA,NA,NA,NA,NA,NA,NA,NA,NA,NA,NA,NA,NA,NA,NA,NA,NA,NA,NA
274,"Torres",NA,NA,NA,NA,NA,NA,NA,NA,NA,NA,NA,NA,NA,NA,NA,NA,NA,NA,NA,NA,NA,NA
275,"Sell",NA,NA,NA,NA,NA,NA,NA,NA,NA,NA,NA,NA,NA,NA,NA,NA,NA,NA,NA,NA,NA,NA
276,"Houkes",NA,NA,NA,NA,NA,NA,NA,NA,NA,NA,NA,NA,NA,NA,NA,NA,NA,NA,NA,NA,NA,NA
277,"Sun",NA,NA,NA,NA,NA,NA,NA,NA,NA,NA,NA,NA,NA,NA,NA,NA,NA,NA,NA,NA,NA,NA
278,"Janvier",NA,NA,NA,NA,NA,NA,NA,NA,NA,NA,NA,NA,NA,NA,NA,NA,NA,NA,NA,NA,NA,NA
279,"Kuzmanov",NA,NA,NA,NA,NA,NA,NA,NA,NA,NA,NA,NA,NA,NA,NA,NA,NA,NA,NA,NA,NA,NA
280,"Travaglia",NA,NA,NA,NA,NA,NA,NA,NA,NA,NA,NA,NA,NA,NA,NA,NA,NA,NA,NA,NA,NA,NA
281,"Maestrelli",NA,NA,NA,NA,NA,NA,NA,NA,NA,NA,NA,NA,NA,NA,NA,NA,NA,NA,NA,NA,NA,NA
282,"Simakin",NA,NA,NA,NA,NA,NA,NA,NA,NA,NA,NA,NA,NA,NA,NA,NA,NA,NA,NA,NA,NA,NA
283,"Mayo",NA,NA,NA,NA,NA,NA,NA,NA,NA,NA,NA,NA,NA,NA,NA,NA,NA,NA,NA,NA,NA,NA
284,"Erhard",NA,NA,NA,NA,NA,NA,NA,NA,NA,NA,NA,NA,NA,NA,NA,NA,NA,NA,NA,NA,NA,NA
285,"Bertola",NA,NA,NA,NA,NA,NA,NA,NA,NA,NA,NA,NA,NA,NA,NA,NA,NA,NA,NA,NA,NA,NA
286,"Cachin",NA,NA,NA,NA,NA,NA,NA,NA,NA,NA,NA,NA,"60","17","60","17","","",NA,NA,NA,NA
287,"Mmoh",NA,NA,NA,NA,NA,NA,NA,NA,NA,NA,NA,NA,"49","9","49","9","","",NA,NA,NA,NA
288,"Monday",NA,NA,NA,NA,NA,NA,NA,NA,NA,NA,NA,NA,NA,NA,NA,NA,NA,NA,NA,NA,NA,NA
289,"Zahraj",NA,NA,NA,NA,NA,NA,NA,NA,NA,NA,NA,NA,NA,NA,NA,NA,NA,NA,NA,NA,NA,NA
290,"Blancaneaux",NA,NA,NA,NA,NA,NA,NA,NA,NA,NA,NA,NA,NA,NA,NA,NA,NA,NA,NA,NA,NA,NA
291,"Sels",NA,NA,NA,NA,NA,NA,NA,NA,NA,NA,NA,NA,NA,NA,NA,NA,NA,NA,NA,NA,NA,NA
292,"Alves",NA,NA,NA,NA,NA,NA,NA,NA,NA,NA,NA,NA,"29","5","29","5","","",NA,NA,NA,NA
293,"Riedi",NA,NA,NA,NA,NA,NA,NA,NA,NA,NA,NA,NA,"14","2","14","2","","",NA,NA,NA,NA
294,"Dodig",NA,NA,NA,NA,NA,NA,NA,NA,NA,NA,NA,NA,NA,NA,NA,NA,NA,NA,NA,NA,NA,NA
295,"Poljicak",NA,NA,NA,NA,NA,NA,NA,NA,NA,NA,NA,NA,NA,NA,NA,NA,NA,NA,NA,NA,NA,NA
296,"Klizan",NA,NA,NA,NA,NA,NA,NA,NA,NA,NA,NA,NA,NA,NA,NA,NA,NA,NA,NA,NA,NA,NA
297,"Negritu",NA,NA,NA,NA,NA,NA,NA,NA,NA,NA,NA,NA,NA,NA,NA,NA,NA,NA,NA,NA,NA,NA
298,"Clarke",NA,NA,NA,NA,NA,NA,NA,NA,NA,NA,NA,NA,NA,NA,NA,NA,NA,NA,NA,NA,NA,NA
299,"Ellis",NA,NA,NA,NA,NA,NA,NA,NA,NA,NA,NA,NA,NA,NA,NA,NA,NA,NA,NA,NA,NA,NA
300,"Berankis",NA,NA,NA,NA,NA,NA,NA,NA,NA,NA,NA,NA,NA,NA,NA,NA,NA,NA,NA,NA,NA,NA
